PulicariaLine,Parasite,Rep,Code,HostSpp,Total_N,Total_Infected,Prevalence
Mid67,Metschnikowia,A,M8A,pulicaria,5,0,0
Mid67,Metschnikowia,B,M8B,pulicaria,1,0,0
Mid67,Metschnikowia,C,M8C,pulicaria,0,0,0
Mid67,Metschnikowia,D,M8D,pulicaria,7,0,0
Mid67,Metschnikowia,E,M8E,pulicaria,1,0,0
Mid67,Metschnikowia,F,M8F,pulicaria,6,0,0
Mid67,Metschnikowia,G,M8G,pulicaria,4,0,0
BA,Metschnikowia,A,M8A,pulicaria,8,0,0
BA,Metschnikowia,B,M8B,pulicaria,6,0,0
BA,Metschnikowia,C,M8C,pulicaria,8,0,0
BA,Metschnikowia,D,M8D,pulicaria,7,0,0
BA,Metschnikowia,E,M8E,pulicaria,8,0,0
BA,Metschnikowia,F,M8F,pulicaria,8,0,0
Pine,Metschnikowia,A,M8A,pulicaria,8,0,0
Pine,Metschnikowia,B,M8B,pulicaria,7,0,0
Pine,Metschnikowia,C,M8C,pulicaria,8,0,0
Pine,Metschnikowia,D,M8D,pulicaria,7,0,0
Pine,Metschnikowia,E,M8E,pulicaria,8,0,0
Pine,Metschnikowia,F,M8F,pulicaria,8,0,0
Pine,Metschnikowia,G,M8G,pulicaria,7,0,0
Clover,Metschnikowia,A,M8A,pulicaria,7,0,0
Clover,Metschnikowia,B,M8B,pulicaria,8,0,0
Clover,Metschnikowia,C,M8C,pulicaria,7,0,0
Clover,Metschnikowia,D,M8D,pulicaria,7,0,0
Clover,Metschnikowia,E,M8E,pulicaria,7,0,0
Clover,Metschnikowia,F,M8F,pulicaria,7,0,0
Clover,Metschnikowia,G,M8G,pulicaria,8,0,0
W,Metschnikowia,A,M8A,pulicaria,7,0,0
W,Metschnikowia,B,M8B,pulicaria,7,0,0
W,Metschnikowia,C,M8C,pulicaria,8,0,0
W,Metschnikowia,D,M8D,pulicaria,8,0,0
W,Metschnikowia,E,M8E,pulicaria,8,0,0
W,Metschnikowia,F,M8F,pulicaria,8,0,0
W,Metschnikowia,G,M8G,pulicaria,8,0,0
Clear5,Metschnikowia,A,M8A,pulicaria,7,0,0
Clear5,Metschnikowia,B,M8B,pulicaria,8,0,0
Clear5,Metschnikowia,C,M8C,pulicaria,7,0,0
Clear5,Metschnikowia,D,M8D,pulicaria,7,0,0
Clear5,Metschnikowia,E,M8E,pulicaria,8,0,0
Clear5,Metschnikowia,F,M8F,pulicaria,8,0,0
Clear5,Metschnikowia,G,M8G,pulicaria,8,0,0
Mid67,Pasteuria,A,P8A,pulicaria,4,0,0
Mid67,Pasteuria,B,P8B,pulicaria,8,0,0
Mid67,Pasteuria,C,P8C,pulicaria,3,0,0
Mid67,Pasteuria,D,P8D,pulicaria,4,0,0
Mid67,Pasteuria,E,P8E,pulicaria,2,0,0
Mid67,Pasteuria,F,P8F,pulicaria,3,0,0
Mid67,Pasteuria,G,P8G,pulicaria,3,0,0
BA,Pasteuria,A,P8A,pulicaria,8,0,0
BA,Pasteuria,B,P8B,pulicaria,7,0,0
BA,Pasteuria,C,P8C,pulicaria,8,0,0
BA,Pasteuria,D,P8D,pulicaria,8,0,0
BA,Pasteuria,E,P8E,pulicaria,8,0,0
BA,Pasteuria,F,P8F,pulicaria,8,0,0
Pine,Pasteuria,A,P8A,pulicaria,8,0,0
Pine,Pasteuria,B,P8B,pulicaria,7,0,0
Pine,Pasteuria,C,P8C,pulicaria,7,0,0
Pine,Pasteuria,D,P8D,pulicaria,8,0,0
Pine,Pasteuria,E,P8E,pulicaria,8,0,0
Pine,Pasteuria,F,P8F,pulicaria,8,0,0
Pine,Pasteuria,G,P8G,pulicaria,7,0,0
Clover,Pasteuria,A,P8A,pulicaria,7,0,0
Clover,Pasteuria,B,P8B,pulicaria,8,0,0
Clover,Pasteuria,C,P8C,pulicaria,7,0,0
Clover,Pasteuria,D,P8D,pulicaria,7,0,0
Clover,Pasteuria,E,P8E,pulicaria,5,0,0
Clover,Pasteuria,F,P8F,pulicaria,7,0,0
Clover,Pasteuria,G,P8G,pulicaria,6,0,0
W,Pasteuria,A,P8A,pulicaria,8,0,0
W,Pasteuria,B,P8B,pulicaria,7,0,0
W,Pasteuria,C,P8C,pulicaria,8,0,0
W,Pasteuria,D,P8D,pulicaria,8,0,0
W,Pasteuria,E,P8E,pulicaria,8,0,0
W,Pasteuria,F,P8F,pulicaria,8,0,0
W,Pasteuria,G,P8G,pulicaria,8,0,0
Clear5,Pasteuria,A,P8A,pulicaria,6,0,0
Clear5,Pasteuria,B,P8B,pulicaria,7,0,0
Clear5,Pasteuria,C,P8C,pulicaria,7,0,0
Clear5,Pasteuria,D,P8D,pulicaria,6,0,0
Clear5,Pasteuria,E,P8E,pulicaria,6,0,0
Clear5,Pasteuria,F,P8F,pulicaria,5,0,0
Clear5,Pasteuria,G,P8G,pulicaria,4,0,0
